season,Weekday,Weekend
Fall,25.17434531735464,19.578635014836795
Spring,25.796528588098017,19.847172512526843
Summer,21.602271509696774,16.733706225680933
Winter,19.595277645942097,16.375869448903156
